SET FOREIGN_KEY_CHECKS=0;

/* Insert data to Exhibition table */

INSERT INTO `art_gallery_management`.`Exhibition_T` (`Exhibition_id`, `Exhibition_name`, `Exhibition_type`, `Exhibition_location`, `Start_date`, `End_date`) VALUES ('10001', 'Local Online', 'Saddlery', 'Eureka', '2022-01-01', '2022-10-01');
INSERT INTO `art_gallery_management`.`Exhibition_T` (`Exhibition_id`, `Exhibition_name`, `Exhibition_type`, `Exhibition_location`, `Start_date`, `End_date`) VALUES ('10002', 'Black Dog Gallery', 'Modernism', 'Fairfield', '2022-01-03', '2022-10-04');
INSERT INTO `art_gallery_management`.`Exhibition_T` (`Exhibition_id`, `Exhibition_name`, `Exhibition_type`, `Exhibition_location`, `Start_date`, `End_date`) VALUES ('10003', 'Overseas Art', 'Clip Art', 'Fontana', '2022-01-01', '2022-10-02');
INSERT INTO `art_gallery_management`.`Exhibition_T` (`Exhibition_id`, `Exhibition_name`, `Exhibition_type`, `Exhibition_location`, `Start_date`, `End_date`) VALUES ('10004', 'Homepage Art', 'Craftric', 'Fremont', '2022-01-03', '2022-10-04');
INSERT INTO `art_gallery_management`.`Exhibition_T` (`Exhibition_id`, `Exhibition_name`, `Exhibition_type`, `Exhibition_location`, `Start_date`, `End_date`) VALUES ('10005', 'Art Story', 'Hanging', 'Fresno', '2022-01-01', '2022-10-01');
INSERT INTO `art_gallery_management`.`Exhibition_T` (`Exhibition_id`, `Exhibition_name`, `Exhibition_type`, `Exhibition_location`, `Start_date`, `End_date`) VALUES ('10006', 'Online Sketched', 'Wall Craft', 'Fullerton', '2022-01-03', '2022-10-04');
INSERT INTO `art_gallery_management`.`Exhibition_T` (`Exhibition_id`, `Exhibition_name`, `Exhibition_type`, `Exhibition_location`, `Start_date`, `End_date`) VALUES ('10007', 'Illuminate Studio', 'Galleria', 'Garden Grove', '2022-01-01', '2022-10-02');
INSERT INTO `art_gallery_management`.`Exhibition_T` (`Exhibition_id`, `Exhibition_name`, `Exhibition_type`, `Exhibition_location`, `Start_date`, `End_date`) VALUES ('10008', 'Art Download', 'Illuminate Studio', 'Glendale', '2022-01-03', '2022-10-04');
INSERT INTO `art_gallery_management`.`Exhibition_T` (`Exhibition_id`, `Exhibition_name`, `Exhibition_type`, `Exhibition_location`, `Start_date`, `End_date`) VALUES ('10009', 'Gallery Medic', 'Artayo', 'Hayward', '2022-01-01', '2022-10-01');
INSERT INTO `art_gallery_management`.`Exhibition_T` (`Exhibition_id`, `Exhibition_name`, `Exhibition_type`, `Exhibition_location`, `Start_date`, `End_date`) VALUES ('10010', 'Masterpieces & Planck', 'Gallery Society', 'Livermore', '2022-01-03', '2022-10-04');
INSERT INTO `art_gallery_management`.`Exhibition_T` (`Exhibition_id`, `Exhibition_name`, `Exhibition_type`, `Exhibition_location`, `Start_date`, `End_date`) VALUES ('10011', 'Artwall', 'Astrophotography', 'Huntington Beach', '2022-01-01', '2022-10-02');
INSERT INTO `art_gallery_management`.`Exhibition_T` (`Exhibition_id`, `Exhibition_name`, `Exhibition_type`, `Exhibition_location`, `Start_date`, `End_date`) VALUES ('10012', 'Breakthrough Art', 'Storytellers', 'Indio', '2022-01-03', '2022-10-04');
INSERT INTO `art_gallery_management`.`Exhibition_T` (`Exhibition_id`, `Exhibition_name`, `Exhibition_type`, `Exhibition_location`, `Start_date`, `End_date`) VALUES ('10013', 'E-Painters', 'Artsy Paw', 'Inglewood', '2022-01-01', '2022-10-01');
INSERT INTO `art_gallery_management`.`Exhibition_T` (`Exhibition_id`, `Exhibition_name`, `Exhibition_type`, `Exhibition_location`, `Start_date`, `End_date`) VALUES ('10014', 'Online Subnetwork', 'ArtistMart', 'Irvine', '2022-01-03', '2022-10-04');
INSERT INTO `art_gallery_management`.`Exhibition_T` (`Exhibition_id`, `Exhibition_name`, `Exhibition_type`, `Exhibition_location`, `Start_date`, `End_date`) VALUES ('10015', 'Focalpoint Online', 'Horizon Art', 'Laguna Beach', '2022-01-01', '2022-10-02');



/* Insert data to Staff table */
INSERT INTO `art_gallery_management`.`Staff_T` (`Staff_id`, `Staff_name`, `Staff_designation`, `Staff_address`, `Staff_phone`) VALUES ('71201', 'Robert', 'Level 1', 'Fullerton', '51065487');
INSERT INTO `art_gallery_management`.`Staff_T` (`Staff_id`, `Staff_name`, `Staff_designation`, `Staff_address`, `Staff_phone`) VALUES ('71202', 'John', 'Level 2', 'Garden Grove', '40898735');
INSERT INTO `art_gallery_management`.`Staff_T` (`Staff_id`, `Staff_name`, `Staff_designation`, `Staff_address`, `Staff_phone`) VALUES ('71203', 'Michael', 'Level 3', 'Glendale', '51065484');
INSERT INTO `art_gallery_management`.`Staff_T` (`Staff_id`, `Staff_name`, `Staff_designation`, `Staff_address`, `Staff_phone`) VALUES ('71204', 'David', 'Level 4', 'Hayward', '40898735');
INSERT INTO `art_gallery_management`.`Staff_T` (`Staff_id`, `Staff_name`, `Staff_designation`, `Staff_address`, `Staff_phone`) VALUES ('71205', 'William', 'Level 1', 'Livermore', '51065487');
INSERT INTO `art_gallery_management`.`Staff_T` (`Staff_id`, `Staff_name`, `Staff_designation`, `Staff_address`, `Staff_phone`) VALUES ('71206', 'Richard', 'Level 2', 'Huntington Beach', '40898736');
INSERT INTO `art_gallery_management`.`Staff_T` (`Staff_id`, `Staff_name`, `Staff_designation`, `Staff_address`, `Staff_phone`) VALUES ('71207', 'Joseph', 'Level 3', 'Indio', '40765482');
INSERT INTO `art_gallery_management`.`Staff_T` (`Staff_id`, `Staff_name`, `Staff_designation`, `Staff_address`, `Staff_phone`) VALUES ('71208', 'Sarah', 'Level 4', 'Inglewood', '51065482');
INSERT INTO `art_gallery_management`.`Staff_T` (`Staff_id`, `Staff_name`, `Staff_designation`, `Staff_address`, `Staff_phone`) VALUES ('71209', 'Karen', 'Level 1', 'Irvine', '40765482');
INSERT INTO `art_gallery_management`.`Staff_T` (`Staff_id`, `Staff_name`, `Staff_designation`, `Staff_address`, `Staff_phone`) VALUES ('71210', 'Lisa', 'Level 2', 'Laguna Beach', '40765482');
INSERT INTO `art_gallery_management`.`Staff_T` (`Staff_id`, `Staff_name`, `Staff_designation`, `Staff_address`, `Staff_phone`) VALUES ('71211', 'Nancy', 'Level 3', 'Fontana', '51065487');
INSERT INTO `art_gallery_management`.`Staff_T` (`Staff_id`, `Staff_name`, `Staff_designation`, `Staff_address`, `Staff_phone`) VALUES ('71212', 'Betty', 'Level 4', 'Fremont', '51065488');
INSERT INTO `art_gallery_management`.`Staff_T` (`Staff_id`, `Staff_name`, `Staff_designation`, `Staff_address`, `Staff_phone`) VALUES ('71213', 'Margaret', 'Level 2', 'Fresno', '51065487');
INSERT INTO `art_gallery_management`.`Staff_T` (`Staff_id`, `Staff_name`, `Staff_designation`, `Staff_address`, `Staff_phone`) VALUES ('71214', 'James', 'Level 3', 'Hayward', '51065432');
INSERT INTO `art_gallery_management`.`Staff_T` (`Staff_id`, `Staff_name`, `Staff_designation`, `Staff_address`, `Staff_phone`) VALUES ('71215', 'Richard', 'Level 4', 'Livermore', '51065409');

/*Insert data to Artist table*/
INSERT INTO `art_gallery_management`.`Artist_T` (`Artist_id`, `Artist_name`, `Artist_address`, `Artist_phone`, `Artist_dob`, `Age`) VALUES ('987600', 'David', 'Garden Grove', '51065487', '1980-06-04', '40');
INSERT INTO `art_gallery_management`.`Artist_T` (`Artist_id`, `Artist_name`, `Artist_address`, `Artist_phone`, `Artist_dob`, `Age`) VALUES ('987601', 'William', 'Glendale', '40898735', '1970-06-04', '50');
INSERT INTO `art_gallery_management`.`Artist_T` (`Artist_id`, `Artist_name`, `Artist_address`, `Artist_phone`, `Artist_dob`, `Age`) VALUES ('987602', 'Richard', 'Hayward', '51065487', '1982-06-04', '51');
INSERT INTO `art_gallery_management`.`Artist_T` (`Artist_id`, `Artist_name`, `Artist_address`, `Artist_phone`, `Artist_dob`, `Age`) VALUES ('987603', 'Joseph', 'Livermore', '40898736', '1980-06-04', '60');
INSERT INTO `art_gallery_management`.`Artist_T` (`Artist_id`, `Artist_name`, `Artist_address`, `Artist_phone`, `Artist_dob`, `Age`) VALUES ('987604', 'Sarah', 'Huntington Beach', '40765482', '1970-06-04', '55');
INSERT INTO `art_gallery_management`.`Artist_T` (`Artist_id`, `Artist_name`, `Artist_address`, `Artist_phone`, `Artist_dob`, `Age`) VALUES ('987605', 'Karen', 'Indio', '51065482', '1982-06-04', '56');
INSERT INTO `art_gallery_management`.`Artist_T` (`Artist_id`, `Artist_name`, `Artist_address`, `Artist_phone`, `Artist_dob`, `Age`) VALUES ('987606', 'Lisa', 'Inglewood', '40765482', '1980-06-04', '47');
INSERT INTO `art_gallery_management`.`Artist_T` (`Artist_id`, `Artist_name`, `Artist_address`, `Artist_phone`, `Artist_dob`, `Age`) VALUES ('987607', 'Nancy', 'Irvine', '40765482', '1970-06-04', '61');
INSERT INTO `art_gallery_management`.`Artist_T` (`Artist_id`, `Artist_name`, `Artist_address`, `Artist_phone`, `Artist_dob`, `Age`) VALUES ('987608', 'Betty', 'Laguna Beach', '51065487', '1982-06-04', '39');
INSERT INTO `art_gallery_management`.`Artist_T` (`Artist_id`, `Artist_name`, `Artist_address`, `Artist_phone`, `Artist_dob`, `Age`) VALUES ('987609', 'Margaret', 'Fontana', '51065488', '1980-06-04', '40');
INSERT INTO `art_gallery_management`.`Artist_T` (`Artist_id`, `Artist_name`, `Artist_address`, `Artist_phone`, `Artist_dob`, `Age`) VALUES ('987610', 'Robert', 'Fremont', '51065487', '1970-06-04', '41');
INSERT INTO `art_gallery_management`.`Artist_T` (`Artist_id`, `Artist_name`, `Artist_address`, `Artist_phone`, `Artist_dob`, `Age`) VALUES ('987611', 'John', 'Fresno', '51065432', '1982-06-04', '55');
INSERT INTO `art_gallery_management`.`Artist_T` (`Artist_id`, `Artist_name`, `Artist_address`, `Artist_phone`, `Artist_dob`, `Age`) VALUES ('987612', 'Michael', 'Inglewood', '51065409', '1980-06-04', '52');
INSERT INTO `art_gallery_management`.`Artist_T` (`Artist_id`, `Artist_name`, `Artist_address`, `Artist_phone`, `Artist_dob`, `Age`) VALUES ('987613', 'James', 'Irvine', '51065487', '1970-06-04', '55');
INSERT INTO `art_gallery_management`.`Artist_T` (`Artist_id`, `Artist_name`, `Artist_address`, `Artist_phone`, `Artist_dob`, `Age`) VALUES ('987614', 'Richard', 'Laguna Beach', '40898735', '1982-06-04', '38');


/* Insert table to Artist Interest table */
INSERT INTO `art_gallery_management`.`Artist_interest_T` (`Artist_id`, `Artist_interest`) VALUES ('987600', 'Sculpture');
INSERT INTO `art_gallery_management`.`Artist_interest_T` (`Artist_id`, `Artist_interest`) VALUES ('987600', 'Scenic');
INSERT INTO `art_gallery_management`.`Artist_interest_T` (`Artist_id`, `Artist_interest`) VALUES ('987600', 'Nature');
INSERT INTO `art_gallery_management`.`Artist_interest_T` (`Artist_id`, `Artist_interest`) VALUES ('987600', 'Architecture');
INSERT INTO `art_gallery_management`.`Artist_interest_T` (`Artist_id`, `Artist_interest`) VALUES ('987604', 'Scenic');
INSERT INTO `art_gallery_management`.`Artist_interest_T` (`Artist_id`, `Artist_interest`) VALUES ('987604', 'Nature');
INSERT INTO `art_gallery_management`.`Artist_interest_T` (`Artist_id`, `Artist_interest`) VALUES ('987604', 'Architecture');
INSERT INTO `art_gallery_management`.`Artist_interest_T` (`Artist_id`, `Artist_interest`) VALUES ('987607', 'Architecture');
INSERT INTO `art_gallery_management`.`Artist_interest_T` (`Artist_id`, `Artist_interest`) VALUES ('987608', 'Nature');
INSERT INTO `art_gallery_management`.`Artist_interest_T` (`Artist_id`, `Artist_interest`) VALUES ('987609', 'Scenic');
INSERT INTO `art_gallery_management`.`Artist_interest_T` (`Artist_id`, `Artist_interest`) VALUES ('987610', 'Sculpture');
INSERT INTO `art_gallery_management`.`Artist_interest_T` (`Artist_id`, `Artist_interest`) VALUES ('987609', 'Nature');
INSERT INTO `art_gallery_management`.`Artist_interest_T` (`Artist_id`, `Artist_interest`) VALUES ('987609', 'Sculpture');
INSERT INTO `art_gallery_management`.`Artist_interest_T` (`Artist_id`, `Artist_interest`) VALUES ('987608', 'Sculpture');
INSERT INTO `art_gallery_management`.`Artist_interest_T` (`Artist_id`, `Artist_interest`) VALUES ('987608', 'Scenic');


/* Insert data to Gallery table */
INSERT INTO `art_gallery_management`.`Gallery_T` (`Gallery_id`, `Gallery_name`, `No_of_arts`, `Capacity`, `Staff_id`, `Exhibition_id`) VALUES ('10201', 'Ajantas Art gallery', '35', '100', '71203', '10001');
INSERT INTO `art_gallery_management`.`Gallery_T` (`Gallery_id`, `Gallery_name`, `No_of_arts`, `Capacity`, `Staff_id`, `Exhibition_id`) VALUES ('10202', 'Walking Man\'s Gallery', '25', '120', '71204', '10002');
INSERT INTO `art_gallery_management`.`Gallery_T` (`Gallery_id`, `Gallery_name`, `No_of_arts`, `Capacity`, `Staff_id`, `Exhibition_id`) VALUES ('10203', 'Art Gallery By Rong', '30', '100', '71205', '10003');
INSERT INTO `art_gallery_management`.`Gallery_T` (`Gallery_id`, `Gallery_name`, `No_of_arts`, `Capacity`, `Staff_id`, `Exhibition_id`) VALUES ('10204', 'Vernon\'s Art Gallery', '45', '100', '71206', '10004');
INSERT INTO `art_gallery_management`.`Gallery_T` (`Gallery_id`, `Gallery_name`, `No_of_arts`, `Capacity`, `Staff_id`, `Exhibition_id`) VALUES ('10205', 'Emperor Art Gallery', '35', '100', '71207', '10005');
INSERT INTO `art_gallery_management`.`Gallery_T` (`Gallery_id`, `Gallery_name`, `No_of_arts`, `Capacity`, `Staff_id`, `Exhibition_id`) VALUES ('10206', 'ART&LUX', '45', '100', '71208', '10006');
INSERT INTO `art_gallery_management`.`Gallery_T` (`Gallery_id`, `Gallery_name`, `No_of_arts`, `Capacity`, `Staff_id`, `Exhibition_id`) VALUES ('10207', 'Bazaar Art & Design', '50', '150', '71209', '10007');
INSERT INTO `art_gallery_management`.`Gallery_T` (`Gallery_id`, `Gallery_name`, `No_of_arts`, `Capacity`, `Staff_id`, `Exhibition_id`) VALUES ('10208', 'Gallery Fizz Studio', '30', '120', '71210', '10008');
INSERT INTO `art_gallery_management`.`Gallery_T` (`Gallery_id`, `Gallery_name`, `No_of_arts`, `Capacity`, `Staff_id`, `Exhibition_id`) VALUES ('10209', 'Mama Gail\'s Gallery', '45', '150', '71211', '10009');
INSERT INTO `art_gallery_management`.`Gallery_T` (`Gallery_id`, `Gallery_name`, `No_of_arts`, `Capacity`, `Staff_id`, `Exhibition_id`) VALUES ('10210', 'Useful Art Gallery', '35', '120', '71212', '10010');
INSERT INTO `art_gallery_management`.`Gallery_T` (`Gallery_id`, `Gallery_name`, `No_of_arts`, `Capacity`, `Staff_id`, `Exhibition_id`) VALUES ('10211', 'Fantasia Gallery', '45', '120', '71213', '10011');
INSERT INTO `art_gallery_management`.`Gallery_T` (`Gallery_id`, `Gallery_name`, `No_of_arts`, `Capacity`, `Staff_id`, `Exhibition_id`) VALUES ('10212', 'Rafina Art Gallery', '50', '150', '71214', '10012');
INSERT INTO `art_gallery_management`.`Gallery_T` (`Gallery_id`, `Gallery_name`, `No_of_arts`, `Capacity`, `Staff_id`, `Exhibition_id`) VALUES ('10213', 'Takoma Art Gallery', '30', '100', '71206', '10013');
INSERT INTO `art_gallery_management`.`Gallery_T` (`Gallery_id`, `Gallery_name`, `No_of_arts`, `Capacity`, `Staff_id`, `Exhibition_id`) VALUES ('10214', 'LIMBING LIGHT', '45', '150', '71207', '10014');
INSERT INTO `art_gallery_management`.`Gallery_T` (`Gallery_id`, `Gallery_name`, `No_of_arts`, `Capacity`, `Staff_id`, `Exhibition_id`) VALUES ('10215', 'Kaleidoscope Art Gallery', '35', '120', '71208', '10015');

/* Insert data to Auction table */
INSERT INTO `art_gallery_management`.`Auction_T` (`Auction_id`, `Auctioneer`, `Auction_date`, `Auction_start_time`, `Auction_end_time`, `Bid_price`, `Staff_id`) VALUES ('1001', 'Neenu', '2022-05-01', '9:00', '12:00', '1000', '71203');
INSERT INTO `art_gallery_management`.`Auction_T` (`Auction_id`, `Auctioneer`, `Auction_date`, `Auction_start_time`, `Auction_end_time`, `Bid_price`, `Staff_id`) VALUES ('1002', 'Jose', '2022-05-10', '10:00', '12:00', '1200', '71204');
INSERT INTO `art_gallery_management`.`Auction_T` (`Auction_id`, `Auctioneer`, `Auction_date`, `Auction_start_time`, `Auction_end_time`, `Bid_price`, `Staff_id`) VALUES ('1003', 'Karen', '2022-05-10', '9:00', '12:00', '1500', '71205');
INSERT INTO `art_gallery_management`.`Auction_T` (`Auction_id`, `Auctioneer`, `Auction_date`, `Auction_start_time`, `Auction_end_time`, `Bid_price`, `Staff_id`) VALUES ('1004', 'Michal', '2022-05-10', '10:00', '12:00', '1800', '71206');
INSERT INTO `art_gallery_management`.`Auction_T` (`Auction_id`, `Auctioneer`, `Auction_date`, `Auction_start_time`, `Auction_end_time`, `Bid_price`, `Staff_id`) VALUES ('1005', 'Sara', '2022-05-10', '10:00', '12:00', '1000', '71207');
INSERT INTO `art_gallery_management`.`Auction_T` (`Auction_id`, `Auctioneer`, `Auction_date`, `Auction_start_time`, `Auction_end_time`, `Bid_price`, `Staff_id`) VALUES ('1006', 'Boney', '2022-05-10', '9:00', '12:00', '1200', '71208');
INSERT INTO `art_gallery_management`.`Auction_T` (`Auction_id`, `Auctioneer`, `Auction_date`, `Auction_start_time`, `Auction_end_time`, `Bid_price`, `Staff_id`) VALUES ('1007', 'Mith', '2022-05-10', '10:00', '12:00', '1500', '71209');
INSERT INTO `art_gallery_management`.`Auction_T` (`Auction_id`, `Auctioneer`, `Auction_date`, `Auction_start_time`, `Auction_end_time`, `Bid_price`, `Staff_id`) VALUES ('1008', 'Pran', '2022-05-01', '10:00', '12:00', '1800', '71210');
INSERT INTO `art_gallery_management`.`Auction_T` (`Auction_id`, `Auctioneer`, `Auction_date`, `Auction_start_time`, `Auction_end_time`, `Bid_price`, `Staff_id`) VALUES ('1009', 'Vinu', '2022-05-10', '9:00', '12:00', '1000', '71211');
INSERT INTO `art_gallery_management`.`Auction_T` (`Auction_id`, `Auctioneer`, `Auction_date`, `Auction_start_time`, `Auction_end_time`, `Bid_price`, `Staff_id`) VALUES ('1010', 'Saju', '2022-05-10', '10:00', '12:00', '1200', '71212');
INSERT INTO `art_gallery_management`.`Auction_T` (`Auction_id`, `Auctioneer`, `Auction_date`, `Auction_start_time`, `Auction_end_time`, `Bid_price`, `Staff_id`) VALUES ('1011', 'Aish', '2022-05-01', '9:00', '12:00', '1500', '71213');
INSERT INTO `art_gallery_management`.`Auction_T` (`Auction_id`, `Auctioneer`, `Auction_date`, `Auction_start_time`, `Auction_end_time`, `Bid_price`, `Staff_id`) VALUES ('1012', 'Ruchi', '2022-05-01', '10:00', '12:00', '1800', '71214');
INSERT INTO `art_gallery_management`.`Auction_T` (`Auction_id`, `Auctioneer`, `Auction_date`, `Auction_start_time`, `Auction_end_time`, `Bid_price`, `Staff_id`) VALUES ('1013', 'Apurv', '2022-05-10', '10:00', '12:00', '1000', '71206');
INSERT INTO `art_gallery_management`.`Auction_T` (`Auction_id`, `Auctioneer`, `Auction_date`, `Auction_start_time`, `Auction_end_time`, `Bid_price`, `Staff_id`) VALUES ('1014', 'Thanush', '2022-05-01', '9:00', '12:00', '1200', '71207');
INSERT INTO `art_gallery_management`.`Auction_T` (`Auction_id`, `Auctioneer`, `Auction_date`, `Auction_start_time`, `Auction_end_time`, `Bid_price`, `Staff_id`) VALUES ('1015', 'Yadhu', '2022-05-01', '10:00', '12:00', '1500', '71208');

/* Insert data to Customer table */
INSERT INTO `art_gallery_management`.`Customer_T` (`Customer_registration_id`, `Customer_name`, `Customer_dob`, `Customer_address`, `No_of_art_work_purchased`, `Amount_spent`, `Gallery_id`, `Auction_id`) VALUES ('5900001', 'Michael', '1980-06-04', 'Garden Grove', '1', '1500', '10201', '1001');
INSERT INTO `art_gallery_management`.`Customer_T` (`Customer_registration_id`, `Customer_name`, `Customer_dob`, `Customer_address`, `No_of_art_work_purchased`, `Amount_spent`, `Gallery_id`, `Auction_id`) VALUES ('5900002', 'David', '1970-06-04', 'Glendale', '2', '4500', '10202', '1002');
INSERT INTO `art_gallery_management`.`Customer_T` (`Customer_registration_id`, `Customer_name`, `Customer_dob`, `Customer_address`, `No_of_art_work_purchased`, `Amount_spent`, `Gallery_id`, `Auction_id`) VALUES ('5900003', 'William', '1982-06-04', 'Hayward', '0', '0', '10203', '1003');
INSERT INTO `art_gallery_management`.`Customer_T` (`Customer_registration_id`, `Customer_name`, `Customer_dob`, `Customer_address`, `No_of_art_work_purchased`, `Amount_spent`, `Gallery_id`, `Auction_id`) VALUES ('5900004', 'Riz', '1980-06-04', 'Livermore', '4', '5000', '10204', '1004');
INSERT INTO `art_gallery_management`.`Customer_T` (`Customer_registration_id`, `Customer_name`, `Customer_dob`, `Customer_address`, `No_of_art_work_purchased`, `Amount_spent`, `Gallery_id`, `Auction_id`) VALUES ('5900005', 'Joseph', '1970-06-04', 'Huntington Beach', '0', '0', '10205', '1005');
INSERT INTO `art_gallery_management`.`Customer_T` (`Customer_registration_id`, `Customer_name`, `Customer_dob`, `Customer_address`, `No_of_art_work_purchased`, `Amount_spent`, `Gallery_id`, `Auction_id`) VALUES ('5900006', 'Sarah', '1982-06-04', 'Indio', '2', '3000', '10206', '1001');
INSERT INTO `art_gallery_management`.`Customer_T` (`Customer_registration_id`, `Customer_name`, `Customer_dob`, `Customer_address`, `No_of_art_work_purchased`, `Amount_spent`, `Gallery_id`, `Auction_id`) VALUES ('5900007', 'Karen', '1980-06-04', 'Inglewood', '1', '1800', '10207', '1002');
INSERT INTO `art_gallery_management`.`Customer_T` (`Customer_registration_id`, `Customer_name`, `Customer_dob`, `Customer_address`, `No_of_art_work_purchased`, `Amount_spent`, `Gallery_id`, `Auction_id`) VALUES ('5900008', 'Lisa', '1970-06-04', 'Irvine', '4', '5800', '10201', '1003');
INSERT INTO `art_gallery_management`.`Customer_T` (`Customer_registration_id`, `Customer_name`, `Customer_dob`, `Customer_address`, `No_of_art_work_purchased`, `Amount_spent`, `Gallery_id`, `Auction_id`) VALUES ('5900009', 'Nancy', '1982-06-04', 'Laguna Beach', '1', '0', '10202', '1004');
INSERT INTO `art_gallery_management`.`Customer_T` (`Customer_registration_id`, `Customer_name`, `Customer_dob`, `Customer_address`, `No_of_art_work_purchased`, `Amount_spent`, `Gallery_id`, `Auction_id`) VALUES ('5900010', 'Betty', '1980-06-04', 'Fontana', '3', '4500', '10203', '1005');
INSERT INTO `art_gallery_management`.`Customer_T` (`Customer_registration_id`, `Customer_name`, `Customer_dob`, `Customer_address`, `No_of_art_work_purchased`, `Amount_spent`, `Gallery_id`, `Auction_id`) VALUES ('5900011', 'Margaret', '1970-06-04', 'Fremont', '4', '0', '10204', '1001');
INSERT INTO `art_gallery_management`.`Customer_T` (`Customer_registration_id`, `Customer_name`, `Customer_dob`, `Customer_address`, `No_of_art_work_purchased`, `Amount_spent`, `Gallery_id`, `Auction_id`) VALUES ('5900012', 'James', '1982-06-04', 'Fresno', '2', '2500', '10205', '1002');
INSERT INTO `art_gallery_management`.`Customer_T` (`Customer_registration_id`, `Customer_name`, `Customer_dob`, `Customer_address`, `No_of_art_work_purchased`, `Amount_spent`, `Gallery_id`, `Auction_id`) VALUES ('5900013', 'Richard', '1980-06-04', 'Hayward', '1', '1000', '10206', '1003');
INSERT INTO `art_gallery_management`.`Customer_T` (`Customer_registration_id`, `Customer_name`, `Customer_dob`, `Customer_address`, `No_of_art_work_purchased`, `Amount_spent`, `Gallery_id`, `Auction_id`) VALUES ('5900014', 'Robert', '1970-06-04', 'Livermore', '4', '5800', '10207', '1004');

/* Insert data to Registration table */
INSERT INTO `art_gallery_management`.`Registration_T` (`Gallery_id`, `Customer_registration_id`) VALUES ('10201', '5900003');
INSERT INTO `art_gallery_management`.`Registration_T` (`Gallery_id`, `Customer_registration_id`) VALUES ('10202', '5900004');
INSERT INTO `art_gallery_management`.`Registration_T` (`Gallery_id`, `Customer_registration_id`) VALUES ('10203', '5900005');
INSERT INTO `art_gallery_management`.`Registration_T` (`Gallery_id`, `Customer_registration_id`) VALUES ('10204', '5900006');
INSERT INTO `art_gallery_management`.`Registration_T` (`Gallery_id`, `Customer_registration_id`) VALUES ('10205', '5900007');
INSERT INTO `art_gallery_management`.`Registration_T` (`Gallery_id`, `Customer_registration_id`) VALUES ('10206', '5900008');
INSERT INTO `art_gallery_management`.`Registration_T` (`Gallery_id`, `Customer_registration_id`) VALUES ('10207', '5900009');
INSERT INTO `art_gallery_management`.`Registration_T` (`Gallery_id`, `Customer_registration_id`) VALUES ('10208', '5900010');
INSERT INTO `art_gallery_management`.`Registration_T` (`Gallery_id`, `Customer_registration_id`) VALUES ('10209', '5900008');
INSERT INTO `art_gallery_management`.`Registration_T` (`Gallery_id`, `Customer_registration_id`) VALUES ('10210', '5900009');
INSERT INTO `art_gallery_management`.`Registration_T` (`Gallery_id`, `Customer_registration_id`) VALUES ('10211', '5900010');
INSERT INTO `art_gallery_management`.`Registration_T` (`Gallery_id`, `Customer_registration_id`) VALUES ('10212', '5900005');
INSERT INTO `art_gallery_management`.`Registration_T` (`Gallery_id`, `Customer_registration_id`) VALUES ('10213', '5900006');
INSERT INTO `art_gallery_management`.`Registration_T` (`Gallery_id`, `Customer_registration_id`) VALUES ('10214', '5900007');
INSERT INTO `art_gallery_management`.`Registration_T` (`Gallery_id`, `Customer_registration_id`) VALUES ('10215', '5900008');

/* Insert data to Transaction table */
INSERT INTO `art_gallery_management`.`Transaction_T` (`Transaction_id`, `Transaction_date`, `Total_amount`, `Customer_registration_id`) VALUES ('373564701', '2022-05-01', '1500', '5900001');
INSERT INTO `art_gallery_management`.`Transaction_T` (`Transaction_id`, `Transaction_date`, `Total_amount`, `Customer_registration_id`) VALUES ('373564702', '2022-05-10', '4500', '5900002');
INSERT INTO `art_gallery_management`.`Transaction_T` (`Transaction_id`, `Transaction_date`, `Total_amount`, `Customer_registration_id`) VALUES ('373564703', '2022-05-10', '5000', '5900004');
INSERT INTO `art_gallery_management`.`Transaction_T` (`Transaction_id`, `Transaction_date`, `Total_amount`, `Customer_registration_id`) VALUES ('373564704', '2022-05-10', '3000', '5900006');
INSERT INTO `art_gallery_management`.`Transaction_T` (`Transaction_id`, `Transaction_date`, `Total_amount`, `Customer_registration_id`) VALUES ('373564705', '2022-05-10', '1800', '5900007');
INSERT INTO `art_gallery_management`.`Transaction_T` (`Transaction_id`, `Transaction_date`, `Total_amount`, `Customer_registration_id`) VALUES ('373564706', '2022-05-10', '5800', '5900008');
INSERT INTO `art_gallery_management`.`Transaction_T` (`Transaction_id`, `Transaction_date`, `Total_amount`, `Customer_registration_id`) VALUES ('373564707', '2022-05-10', '4500', '5900010');
INSERT INTO `art_gallery_management`.`Transaction_T` (`Transaction_id`, `Transaction_date`, `Total_amount`, `Customer_registration_id`) VALUES ('373564708', '2022-05-01', '2500', '5900012');
INSERT INTO `art_gallery_management`.`Transaction_T` (`Transaction_id`, `Transaction_date`, `Total_amount`, `Customer_registration_id`) VALUES ('373564709', '2022-05-10', '1000', '5900013');
INSERT INTO `art_gallery_management`.`Transaction_T` (`Transaction_id`, `Transaction_date`, `Total_amount`, `Customer_registration_id`) VALUES ('373564710', '2022-05-10', '5800', '5900014');


/* Insert data to Customer interest table*/
INSERT INTO `art_gallery_management`.`Customer_interest_T` (`Customer_registration_id`, `Customer_interest`) VALUES ('5900001', 'Painting');
INSERT INTO `art_gallery_management`.`Customer_interest_T` (`Customer_registration_id`, `Customer_interest`) VALUES ('5900002', 'Scenic');
INSERT INTO `art_gallery_management`.`Customer_interest_T` (`Customer_registration_id`, `Customer_interest`) VALUES ('5900003', 'Nature');
INSERT INTO `art_gallery_management`.`Customer_interest_T` (`Customer_registration_id`, `Customer_interest`) VALUES ('5900004', 'Architecture');
INSERT INTO `art_gallery_management`.`Customer_interest_T` (`Customer_registration_id`, `Customer_interest`) VALUES ('5900005', 'Scenic');
INSERT INTO `art_gallery_management`.`Customer_interest_T` (`Customer_registration_id`, `Customer_interest`) VALUES ('5900006', 'Nature');
INSERT INTO `art_gallery_management`.`Customer_interest_T` (`Customer_registration_id`, `Customer_interest`) VALUES ('5900007', 'Architecture');
INSERT INTO `art_gallery_management`.`Customer_interest_T` (`Customer_registration_id`, `Customer_interest`) VALUES ('5900008', 'Architecture');
INSERT INTO `art_gallery_management`.`Customer_interest_T` (`Customer_registration_id`, `Customer_interest`) VALUES ('5900009', 'Nature');
INSERT INTO `art_gallery_management`.`Customer_interest_T` (`Customer_registration_id`, `Customer_interest`) VALUES ('5900010', 'Scenic');
INSERT INTO `art_gallery_management`.`Customer_interest_T` (`Customer_registration_id`, `Customer_interest`) VALUES ('5900011', 'Sculpture');
INSERT INTO `art_gallery_management`.`Customer_interest_T` (`Customer_registration_id`, `Customer_interest`) VALUES ('5900012', 'Nature');
INSERT INTO `art_gallery_management`.`Customer_interest_T` (`Customer_registration_id`, `Customer_interest`) VALUES ('5900013', 'Sculpture');
INSERT INTO `art_gallery_management`.`Customer_interest_T` (`Customer_registration_id`, `Customer_interest`) VALUES ('5900014', 'Sculpture');
INSERT INTO `art_gallery_management`.`Customer_interest_T` (`Customer_registration_id`, `Customer_interest`) VALUES ('5900015', 'Scenic');

/* Insert data to Participation table */
INSERT INTO `art_gallery_management`.`Participation_T` (`Customer_registration_id`, `Auction_id`) VALUES ('5900001', '1001');
INSERT INTO `art_gallery_management`.`Participation_T` (`Customer_registration_id`, `Auction_id`) VALUES ('5900002', '1002');
INSERT INTO `art_gallery_management`.`Participation_T` (`Customer_registration_id`, `Auction_id`) VALUES ('5900003', '1003');
INSERT INTO `art_gallery_management`.`Participation_T` (`Customer_registration_id`, `Auction_id`) VALUES ('5900004', '1004');
INSERT INTO `art_gallery_management`.`Participation_T` (`Customer_registration_id`, `Auction_id`) VALUES ('5900005', '1005');
INSERT INTO `art_gallery_management`.`Participation_T` (`Customer_registration_id`, `Auction_id`) VALUES ('5900006', '1006');
INSERT INTO `art_gallery_management`.`Participation_T` (`Customer_registration_id`, `Auction_id`) VALUES ('5900007', '1007');
INSERT INTO `art_gallery_management`.`Participation_T` (`Customer_registration_id`, `Auction_id`) VALUES ('5900008', '1008');
INSERT INTO `art_gallery_management`.`Participation_T` (`Customer_registration_id`, `Auction_id`) VALUES ('5900009', '1009');
INSERT INTO `art_gallery_management`.`Participation_T` (`Customer_registration_id`, `Auction_id`) VALUES ('5900010', '1010');
INSERT INTO `art_gallery_management`.`Participation_T` (`Customer_registration_id`, `Auction_id`) VALUES ('5900011', '1011');
INSERT INTO `art_gallery_management`.`Participation_T` (`Customer_registration_id`, `Auction_id`) VALUES ('5900012', '1012');
INSERT INTO `art_gallery_management`.`Participation_T` (`Customer_registration_id`, `Auction_id`) VALUES ('5900013', '1013');
INSERT INTO `art_gallery_management`.`Participation_T` (`Customer_registration_id`, `Auction_id`) VALUES ('5900014', '1014');
INSERT INTO `art_gallery_management`.`Participation_T` (`Customer_registration_id`, `Auction_id`) VALUES ('5900015', '1015');

/* Insert data to Art table */
INSERT INTO `art_gallery_management`.`Art_T` (`Art_id`, `Art_name`, `Year_of_creation`, `Art_title`, `Type_of_art`, `Artist_id`, `Gallery_id`, `Transaction_id`, `Auction_id`, `Customer_registration_id`) VALUES ('20401', 'Oak Prints', '2019', 'Callidus arts', 'Sculpture', '987600', '10202', '373564701', '1001', '5900003');
INSERT INTO `art_gallery_management`.`Art_T` (`Art_id`, `Art_name`, `Year_of_creation`, `Art_title`, `Type_of_art`, `Artist_id`, `Gallery_id`, `Transaction_id`, `Auction_id`, `Customer_registration_id`) VALUES ('20402', 'My Design Station', '2018', 'Baroque arts', 'Scenic', '987600', '10203', '373564702', '1002', '5900004');
INSERT INTO `art_gallery_management`.`Art_T` (`Art_id`, `Art_name`, `Year_of_creation`, `Art_title`, `Type_of_art`, `Artist_id`, `Gallery_id`, `Transaction_id`, `Auction_id`, `Customer_registration_id`) VALUES ('20403', 'Art Paradise', '2020', 'Classful Artwork', 'Nature', '987600', '10204', '373564703', '1003', '5900005');
INSERT INTO `art_gallery_management`.`Art_T` (`Art_id`, `Art_name`, `Year_of_creation`, `Art_title`, `Type_of_art`, `Artist_id`, `Gallery_id`, `Transaction_id`, `Auction_id`, `Customer_registration_id`) VALUES ('20404', 'Canvas Creations', '2019', 'The British Library', 'Architecture', '987600', '10207', '373564704', '1004', '5900006');
INSERT INTO `art_gallery_management`.`Art_T` (`Art_id`, `Art_name`, `Year_of_creation`, `Art_title`, `Type_of_art`, `Artist_id`, `Gallery_id`, `Transaction_id`, `Auction_id`, `Customer_registration_id`) VALUES ('20405', 'Black Diary', '2019', 'Blue Market Art', 'Scenic', '987604', '10208', '373564705', '1001', '5900007');
INSERT INTO `art_gallery_management`.`Art_T` (`Art_id`, `Art_name`, `Year_of_creation`, `Art_title`, `Type_of_art`, `Artist_id`, `Gallery_id`, `Transaction_id`, `Auction_id`, `Customer_registration_id`) VALUES ('20406', 'Artisan Valley', '2018', 'Crafty Seeks', 'Nature', '987604', '10209', '373564701', '1001', '5900008');
INSERT INTO `art_gallery_management`.`Art_T` (`Art_id`, `Art_name`, `Year_of_creation`, `Art_title`, `Type_of_art`, `Artist_id`, `Gallery_id`, `Transaction_id`, `Auction_id`, `Customer_registration_id`) VALUES ('20407', 'Big Production.', '2020', 'Diamond Rocks', 'Architecture', '987604', '10210', '373564702', '1002', '5900009');
INSERT INTO `art_gallery_management`.`Art_T` (`Art_id`, `Art_name`, `Year_of_creation`, `Art_title`, `Type_of_art`, `Artist_id`, `Gallery_id`, `Transaction_id`, `Auction_id`, `Customer_registration_id`) VALUES ('20408', 'Arty Love', '2019', 'Anime Artist', 'Architecture', '987607', '10209', '373564703', '1003', '5900010');
INSERT INTO `art_gallery_management`.`Art_T` (`Art_id`, `Art_name`, `Year_of_creation`, `Art_title`, `Type_of_art`, `Artist_id`, `Gallery_id`, `Transaction_id`, `Auction_id`, `Customer_registration_id`) VALUES ('20409', 'Creative Art & Ink', '2018', 'Brilliant Brushes', 'Nature', '987608', '10202', '373564704', '1004', '5900008');
INSERT INTO `art_gallery_management`.`Art_T` (`Art_id`, `Art_name`, `Year_of_creation`, `Art_title`, `Type_of_art`, `Artist_id`, `Gallery_id`, `Transaction_id`, `Auction_id`, `Customer_registration_id`) VALUES ('20410', 'Classy Art', '2020', 'Brilliant with Brushes', 'Scenic', '987609', '10203', '373564705', '1005', '5900009');
INSERT INTO `art_gallery_management`.`Art_T` (`Art_id`, `Art_name`, `Year_of_creation`, `Art_title`, `Type_of_art`, `Artist_id`, `Gallery_id`, `Transaction_id`, `Auction_id`, `Customer_registration_id`) VALUES ('20411', 'Abstract Artist', '2019', 'Arts & Crafts Gallery', 'Sculpture', '987610', '10204', '373564706', '1006', '5900010');
INSERT INTO `art_gallery_management`.`Art_T` (`Art_id`, `Art_name`, `Year_of_creation`, `Art_title`, `Type_of_art`, `Artist_id`, `Gallery_id`, `Transaction_id`, `Auction_id`, `Customer_registration_id`) VALUES ('20412', 'Captivating Canvases', '2018', 'Putney Theatre', 'Nature', '987609', '10207', '373564707', '1004', '5900005');
INSERT INTO `art_gallery_management`.`Art_T` (`Art_id`, `Art_name`, `Year_of_creation`, `Art_title`, `Type_of_art`, `Artist_id`, `Gallery_id`, `Transaction_id`, `Auction_id`, `Customer_registration_id`) VALUES ('20413', 'Crafty DIY', '2020', 'Toy Locker', 'Sculpture', '987609', '10209', '373564708', '1005', '5900006');
INSERT INTO `art_gallery_management`.`Art_T` (`Art_id`, `Art_name`, `Year_of_creation`, `Art_title`, `Type_of_art`, `Artist_id`, `Gallery_id`, `Transaction_id`, `Auction_id`, `Customer_registration_id`) VALUES ('20414', 'Brilliant Art', '2019', 'Art People Gallery', 'Sculpture', '987608', '10202', '373564709', '1006', '5900007');
INSERT INTO `art_gallery_management`.`Art_T` (`Art_id`, `Art_name`, `Year_of_creation`, `Art_title`, `Type_of_art`, `Artist_id`, `Gallery_id`, `Transaction_id`, `Auction_id`, `Customer_registration_id`) VALUES ('20415', 'Artist Apron', '2018', 'Art Man Advertisers', 'Scenic', '987608', '10203', '373564710', '1004', '5900008');

/* Insert data to Colors used table */
INSERT INTO `art_gallery_management`.`Colors_used_T` (`Art_id`, `Colors_used`) VALUES ('20409', 'Warmcolors');
INSERT INTO `art_gallery_management`.`Colors_used_T` (`Art_id`, `Colors_used`) VALUES ('20401', 'Neutralcolors');
INSERT INTO `art_gallery_management`.`Colors_used_T` (`Art_id`, `Colors_used`) VALUES ('20409', 'Coolcolors');
INSERT INTO `art_gallery_management`.`Colors_used_T` (`Art_id`, `Colors_used`) VALUES ('20410', 'primarycolors');
INSERT INTO `art_gallery_management`.`Colors_used_T` (`Art_id`, `Colors_used`) VALUES ('20411', 'Neutralcolors');
INSERT INTO `art_gallery_management`.`Colors_used_T` (`Art_id`, `Colors_used`) VALUES ('20405', 'Coolcolors');
INSERT INTO `art_gallery_management`.`Colors_used_T` (`Art_id`, `Colors_used`) VALUES ('20409', 'primarycolors');
INSERT INTO `art_gallery_management`.`Colors_used_T` (`Art_id`, `Colors_used`) VALUES ('20402', 'Neutralcolors');
INSERT INTO `art_gallery_management`.`Colors_used_T` (`Art_id`, `Colors_used`) VALUES ('20403', 'Coolcolors');
INSERT INTO `art_gallery_management`.`Colors_used_T` (`Art_id`, `Colors_used`) VALUES ('20411', 'primarycolors');
INSERT INTO `art_gallery_management`.`Colors_used_T` (`Art_id`, `Colors_used`) VALUES ('20403', 'Warmcolors');
INSERT INTO `art_gallery_management`.`Colors_used_T` (`Art_id`, `Colors_used`) VALUES ('20401', 'primarycolors');
INSERT INTO `art_gallery_management`.`Colors_used_T` (`Art_id`, `Colors_used`) VALUES ('20402', 'Coolcolors');
INSERT INTO `art_gallery_management`.`Colors_used_T` (`Art_id`, `Colors_used`) VALUES ('20403', 'primarycolors');
INSERT INTO `art_gallery_management`.`Colors_used_T` (`Art_id`, `Colors_used`) VALUES ('20404', 'Neutralcolors');
